URL,Violations,Status of issue,Comment
https://www.letstalk.wellington.govt.nz/,"duplicate-id, heading-order, region",Violation,
https://www.letstalk.wellington.govt.nz/,color-contrast,Needs Review,
https://www.letstalk.wellington.govt.nz/accessibility,"duplicate-id, region",Violation,
https://www.letstalk.wellington.govt.nz/accessibility,color-contrast,Needs Review,
https://www.letstalk.wellington.govt.nz/terms-use,"duplicate-id, heading-order, listitem, region",Violation,
https://www.letstalk.wellington.govt.nz/terms-use,color-contrast,Needs Review,
https://www.letstalk.wellington.govt.nz/privacy-policy,"duplicate-id, region",Violation,
https://www.letstalk.wellington.govt.nz/privacy-policy,color-contrast,Needs Review,
https://www.letstalk.wellington.govt.nz/moderation,"duplicate-id, region",Violation,
https://www.letstalk.wellington.govt.nz/moderation,color-contrast,Needs Review,
https://www.letstalk.wellington.govt.nz/search,"duplicate-id, region",Violation,
https://www.letstalk.wellington.govt.nz/search,color-contrast,Needs Review,
https://www.letstalk.wellington.govt.nz/projects,"duplicate-id, heading-order, region",Violation,
https://www.letstalk.wellington.govt.nz/projects,color-contrast,Needs Review,
https://www.letstalk.wellington.govt.nz/draftbudget,"duplicate-id, heading-order, link-name, region",Violation,
https://www.letstalk.wellington.govt.nz/draftbudget,color-contrast,Needs Review,
https://www.letstalk.wellington.govt.nz/waitohi-community-hub,"duplicate-id, link-name, region",Violation,
https://www.letstalk.wellington.govt.nz/waitohi-community-hub,color-contrast,Needs Review,
https://www.letstalk.wellington.govt.nz/transport,"duplicate-id, heading-order, region",Violation,
https://www.letstalk.wellington.govt.nz/transport,color-contrast,Needs Review,
https://www.letstalk.wellington.govt.nz/annualplan,"aria-command-name, aria-required-parent, duplicate-id, heading-order, region",Violation,
https://www.letstalk.wellington.govt.nz/annualplan,"aria-allowed-attr, aria-valid-attr-value, color-contrast, form-field-multiple-labels",Needs Review,
https://www.letstalk.wellington.govt.nz/arts-and-culture,"duplicate-id, heading-order, region",Violation,
https://www.letstalk.wellington.govt.nz/arts-and-culture,color-contrast,Needs Review,
https://www.letstalk.wellington.govt.nz/mobility-parking-spaces,"aria-command-name, aria-required-parent, duplicate-id, heading-order, region",Violation,
https://www.letstalk.wellington.govt.nz/mobility-parking-spaces,"aria-allowed-attr, color-contrast",Needs Review,
https://www.letstalk.wellington.govt.nz/resilience-and-the-environment,"duplicate-id, heading-order, region",Violation,
https://www.letstalk.wellington.govt.nz/resilience-and-the-environment,color-contrast,Needs Review,
https://www.letstalk.wellington.govt.nz/housing,"duplicate-id, heading-order, region",Violation,
https://www.letstalk.wellington.govt.nz/housing,color-contrast,Needs Review,
https://www.letstalk.wellington.govt.nz/financial-summary,"duplicate-id, heading-order, link-name, region",Violation,
https://www.letstalk.wellington.govt.nz/financial-summary,color-contrast,Needs Review,
https://www.letstalk.wellington.govt.nz/rates,"duplicate-id, heading-order, region",Violation,
https://www.letstalk.wellington.govt.nz/rates,color-contrast,Needs Review,
https://www.letstalk.wellington.govt.nz/changes-to-fees-and-user-charges,"duplicate-id, heading-order, region",Violation,
https://www.letstalk.wellington.govt.nz/changes-to-fees-and-user-charges,color-contrast,Needs Review,
https://www.letstalk.wellington.govt.nz/fees-and-user-charges,"duplicate-id, heading-order, image-alt, link-name, region",Violation,
https://www.letstalk.wellington.govt.nz/fees-and-user-charges,color-contrast,Needs Review,
https://www.letstalk.wellington.govt.nz/work-programme,"duplicate-id, heading-order, image-alt, link-name, region",Violation,
https://www.letstalk.wellington.govt.nz/work-programme,"aria-required-children, color-contrast",Needs Review,
https://www.letstalk.wellington.govt.nz/financial-summary1,"duplicate-id, heading-order, image-alt, link-name, region",Violation,
https://www.letstalk.wellington.govt.nz/financial-summary1,color-contrast,Needs Review,
https://www.letstalk.wellington.govt.nz/traffic-resolutions,"duplicate-id, empty-heading, region",Violation,
https://www.letstalk.wellington.govt.nz/traffic-resolutions,"aria-valid-attr-value, color-contrast",Needs Review,
https://www.letstalk.wellington.govt.nz/rates2021,"color-contrast, duplicate-id, heading-order, image-alt, region",Violation,
https://www.letstalk.wellington.govt.nz/rates2021,"aria-valid-attr-value, color-contrast",Needs Review,
https://www.letstalk.wellington.govt.nz/dangerous-and-insanitary-buildings-policy-review,"duplicate-id, heading-order, region",Violation,
https://www.letstalk.wellington.govt.nz/dangerous-and-insanitary-buildings-policy-review,"aria-valid-attr-value, color-contrast",Needs Review,
https://www.letstalk.wellington.govt.nz/cemeteries,"aria-command-name, aria-required-parent, duplicate-id, empty-heading, heading-order, region",Violation,
https://www.letstalk.wellington.govt.nz/cemeteries,"aria-allowed-attr, aria-valid-attr-value, color-contrast",Needs Review,
https://www.letstalk.wellington.govt.nz/traffic-resolutions-sept2020,"duplicate-id, empty-heading, region",Violation,
https://www.letstalk.wellington.govt.nz/traffic-resolutions-sept2020,"aria-valid-attr-value, color-contrast",Needs Review,
https://www.letstalk.wellington.govt.nz/central-library,"duplicate-id, heading-order, region, scrollable-region-focusable",Violation,
https://www.letstalk.wellington.govt.nz/central-library,"aria-valid-attr-value, color-contrast",Needs Review,
https://www.letstalk.wellington.govt.nz/waste-bylaw,"duplicate-id, heading-order, region",Violation,
https://www.letstalk.wellington.govt.nz/waste-bylaw,"aria-valid-attr-value, color-contrast",Needs Review,
https://www.letstalk.wellington.govt.nz/traffic-resolutions-october2020,"duplicate-id, empty-heading, region",Violation,
https://www.letstalk.wellington.govt.nz/traffic-resolutions-october2020,"aria-valid-attr-value, color-contrast",Needs Review,
https://www.letstalk.wellington.govt.nz/traffic-resolutions-november-2020,"duplicate-id, empty-heading, landmark-main-is-top-level, landmark-no-duplicate-main, landmark-unique, region",Violation,
https://www.letstalk.wellington.govt.nz/traffic-resolutions-november-2020,"aria-valid-attr-value, color-contrast",Needs Review,
https://www.letstalk.wellington.govt.nz/traffic-resolutions-december-2020,"duplicate-id, empty-heading, region",Violation,
https://www.letstalk.wellington.govt.nz/traffic-resolutions-december-2020,"aria-valid-attr-value, color-contrast",Needs Review,
https://www.letstalk.wellington.govt.nz/gambling-venues-policy,"duplicate-id, heading-order, region",Violation,
https://www.letstalk.wellington.govt.nz/gambling-venues-policy,"aria-valid-attr-value, color-contrast",Needs Review,
https://www.letstalk.wellington.govt.nz/social-strategy,"aria-command-name, aria-required-parent, duplicate-id, frame-title, heading-order, link-name, nested-interactive, region, scrollable-region-focusable",Violation,
https://www.letstalk.wellington.govt.nz/social-strategy,"aria-allowed-attr, aria-required-children, aria-valid-attr-value, color-contrast, form-field-multiple-labels, frame-tested",Needs Review,
https://www.letstalk.wellington.govt.nz/arts-culture-strategy,"aria-command-name, aria-required-parent, duplicate-id, heading-order, nested-interactive, region, scrollable-region-focusable",Violation,
https://www.letstalk.wellington.govt.nz/arts-culture-strategy,"aria-allowed-attr, aria-required-children, aria-valid-attr-value, color-contrast, form-field-multiple-labels",Needs Review,
https://www.letstalk.wellington.govt.nz/hataitai-intersection-traffic-resolution,"duplicate-id, heading-order, region",Violation,
https://www.letstalk.wellington.govt.nz/hataitai-intersection-traffic-resolution,"aria-valid-attr-value, color-contrast",Needs Review,
https://www.letstalk.wellington.govt.nz/traffic-resolutions-february-2021,"duplicate-id, empty-heading, region",Violation,
https://www.letstalk.wellington.govt.nz/traffic-resolutions-february-2021,"aria-valid-attr-value, color-contrast",Needs Review,
https://www.letstalk.wellington.govt.nz/ltp-info,"duplicate-id, empty-heading, frame-title, heading-order, link-name, region, scrollable-region-focusable",Violation,
https://www.letstalk.wellington.govt.nz/ltp-info,"aria-valid-attr-value, color-contrast, form-field-multiple-labels, frame-tested",Needs Review,
https://www.letstalk.wellington.govt.nz/social-framework,"duplicate-id, link-name, region",Violation,
https://www.letstalk.wellington.govt.nz/social-framework,"aria-required-children, aria-valid-attr-value, color-contrast, form-field-multiple-labels",Needs Review,
https://www.letstalk.wellington.govt.nz/proposed-traffic-and-parking-bylaw-2021,"duplicate-id, heading-order, region",Violation,
https://www.letstalk.wellington.govt.nz/proposed-traffic-and-parking-bylaw-2021,"aria-valid-attr-value, color-contrast, form-field-multiple-labels",Needs Review,
https://www.letstalk.wellington.govt.nz/three-waters-network,"duplicate-id, frame-title, link-name, region",Violation,
https://www.letstalk.wellington.govt.nz/three-waters-network,"color-contrast, frame-tested",Needs Review,
https://www.letstalk.wellington.govt.nz/cycleways,"duplicate-id, frame-title, link-name, region",Violation,
https://www.letstalk.wellington.govt.nz/cycleways,"color-contrast, frame-tested",Needs Review,
https://www.letstalk.wellington.govt.nz/council-office-buildings,"duplicate-id, frame-title, link-name, region",Violation,
https://www.letstalk.wellington.govt.nz/council-office-buildings,"color-contrast, frame-tested",Needs Review,
https://www.letstalk.wellington.govt.nz/ltp-central-library,"duplicate-id, frame-title, link-name, region",Violation,
https://www.letstalk.wellington.govt.nz/ltp-central-library,"color-contrast, frame-tested",Needs Review,
https://www.letstalk.wellington.govt.nz/sludge-minimisation,"duplicate-id, frame-title, link-name, region",Violation,
https://www.letstalk.wellington.govt.nz/sludge-minimisation,"color-contrast, frame-tested",Needs Review,
https://www.letstalk.wellington.govt.nz/climate-change-action,"duplicate-id, empty-heading, frame-title, link-name, region",Violation,
https://www.letstalk.wellington.govt.nz/climate-change-action,"color-contrast, frame-tested",Needs Review,
https://www.letstalk.wellington.govt.nz/fees-charges,"duplicate-id, empty-heading, image-alt, region",Violation,
https://www.letstalk.wellington.govt.nz/fees-charges,color-contrast,Needs Review,
https://www.letstalk.wellington.govt.nz/own-laterals,"duplicate-id, link-name, region",Violation,
https://www.letstalk.wellington.govt.nz/own-laterals,color-contrast,Needs Review,
https://www.letstalk.wellington.govt.nz/priorities-decisions,"duplicate-id, empty-heading, heading-order, region",Violation,
https://www.letstalk.wellington.govt.nz/priorities-decisions,color-contrast,Needs Review,
https://www.letstalk.wellington.govt.nz/plan-cost,"duplicate-id, heading-order, region",Violation,
https://www.letstalk.wellington.govt.nz/plan-cost,color-contrast,Needs Review,
https://www.letstalk.wellington.govt.nz/trading-and-events-in-public-places-policy,"duplicate-id, empty-heading, region",Violation,
https://www.letstalk.wellington.govt.nz/trading-and-events-in-public-places-policy,"aria-valid-attr-value, color-contrast, form-field-multiple-labels",Needs Review,
https://www.letstalk.wellington.govt.nz/representation-review-2021,"duplicate-id, heading-order, region",Violation,
https://www.letstalk.wellington.govt.nz/representation-review-2021,"aria-valid-attr-value, color-contrast, form-field-multiple-labels",Needs Review,
https://www.letstalk.wellington.govt.nz/waste-options,"duplicate-id, heading-order, region",Violation,
https://www.letstalk.wellington.govt.nz/waste-options,"aria-valid-attr-value, color-contrast",Needs Review,
https://www.letstalk.wellington.govt.nz/development-contributions,"duplicate-id, heading-order, region",Violation,
https://www.letstalk.wellington.govt.nz/development-contributions,"aria-valid-attr-value, color-contrast, form-field-multiple-labels",Needs Review,
https://www.letstalk.wellington.govt.nz/town-belt,"duplicate-id, heading-order, region",Violation,
https://www.letstalk.wellington.govt.nz/town-belt,"aria-required-children, aria-valid-attr-value, color-contrast, form-field-multiple-labels",Needs Review,
https://www.letstalk.wellington.govt.nz/traffic-resolutions-feb-2022,"duplicate-id, empty-heading, region",Violation,
https://www.letstalk.wellington.govt.nz/traffic-resolutions-feb-2022,"aria-valid-attr-value, color-contrast",Needs Review,
https://www.letstalk.wellington.govt.nz/sludge,"duplicate-id, heading-order, region",Violation,
https://www.letstalk.wellington.govt.nz/sludge,"aria-valid-attr-value, color-contrast, form-field-multiple-labels",Needs Review,
https://www.letstalk.wellington.govt.nz/mt-vic-trail,"duplicate-id, heading-order, region",Violation,
https://www.letstalk.wellington.govt.nz/mt-vic-trail,color-contrast,Needs Review,
https://www.letstalk.wellington.govt.nz/economic-wellbeing,"duplicate-id, heading-order, region",Violation,
https://www.letstalk.wellington.govt.nz/economic-wellbeing,"aria-valid-attr-value, color-contrast, form-field-multiple-labels",Needs Review,
https://www.letstalk.wellington.govt.nz/hawkins-hill,"duplicate-id, region",Violation,
https://www.letstalk.wellington.govt.nz/hawkins-hill,color-contrast,Needs Review,
https://www.letstalk.wellington.govt.nz/southern-landfill,"duplicate-id, frame-title, region",Violation,
https://www.letstalk.wellington.govt.nz/southern-landfill,"aria-valid-attr-value, color-contrast, frame-tested",Needs Review,
https://www.letstalk.wellington.govt.nz/traffic-resolutions-april22,"duplicate-id, empty-heading, region",Violation,
https://www.letstalk.wellington.govt.nz/traffic-resolutions-april22,"aria-valid-attr-value, color-contrast, form-field-multiple-labels",Needs Review,
https://www.letstalk.wellington.govt.nz/city-housing,"duplicate-id, frame-title, heading-order, link-name, region",Violation,
https://www.letstalk.wellington.govt.nz/city-housing,"aria-valid-attr-value, color-contrast, frame-tested",Needs Review,
https://www.letstalk.wellington.govt.nz/happyplace,"duplicate-id, empty-heading, region",Violation,
https://www.letstalk.wellington.govt.nz/happyplace,color-contrast,Needs Review,
https://www.letstalk.wellington.govt.nz/verandahs-bylaw-review,"duplicate-id, heading-order, region",Violation,
https://www.letstalk.wellington.govt.nz/verandahs-bylaw-review,color-contrast,Needs Review,
https://www.letstalk.wellington.govt.nz/our-plan,"duplicate-id, empty-heading, region",Violation,
https://www.letstalk.wellington.govt.nz/our-plan,color-contrast,Needs Review,
https://www.letstalk.wellington.govt.nz/dog-policy-review,"aria-command-name, aria-required-parent, duplicate-id, heading-order, image-redundant-alt, region",Violation,
https://www.letstalk.wellington.govt.nz/dog-policy-review,"aria-allowed-attr, aria-valid-attr-value, color-contrast",Needs Review,
https://www.letstalk.wellington.govt.nz/traffic-resolutions-august-2022-traffic-and-parking-restrictions,"duplicate-id, heading-order, region",Violation,
https://www.letstalk.wellington.govt.nz/traffic-resolutions-august-2022-traffic-and-parking-restrictions,color-contrast,Needs Review,
https://www.letstalk.wellington.govt.nz/route-21,"duplicate-id, empty-heading, region",Violation,
https://www.letstalk.wellington.govt.nz/route-21,color-contrast,Needs Review,
https://www.letstalk.wellington.govt.nz/traffic-resolutions-september-2022,"duplicate-id, region",Violation,
https://www.letstalk.wellington.govt.nz/traffic-resolutions-september-2022,color-contrast,Needs Review,
https://www.letstalk.wellington.govt.nz/central-city-bike-parking,"duplicate-id, heading-order, region",Violation,
https://www.letstalk.wellington.govt.nz/central-city-bike-parking,color-contrast,Needs Review,
https://www.letstalk.wellington.govt.nz/grenada-village-play-area-renewal,"duplicate-id, link-name, region",Violation,
https://www.letstalk.wellington.govt.nz/grenada-village-play-area-renewal,color-contrast,Needs Review,
https://www.letstalk.wellington.govt.nz/miramar-north-play-area-renewal,"duplicate-id, region",Violation,
https://www.letstalk.wellington.govt.nz/miramar-north-play-area-renewal,color-contrast,Needs Review,
https://www.letstalk.wellington.govt.nz/nairnville-play-area-renewal,"duplicate-id, region",Violation,
https://www.letstalk.wellington.govt.nz/nairnville-play-area-renewal,color-contrast,Needs Review,
https://www.letstalk.wellington.govt.nz/smf-notice-of-requirement,"duplicate-id, frame-title, region",Violation,
https://www.letstalk.wellington.govt.nz/smf-notice-of-requirement,"color-contrast, frame-tested",Needs Review,
https://www.letstalk.wellington.govt.nz/warwick-street-play-area-renewal,"duplicate-id, region",Violation,
https://www.letstalk.wellington.govt.nz/warwick-street-play-area-renewal,color-contrast,Needs Review,
https://www.letstalk.wellington.govt.nz/houghton-bay-play-area-renewal,"duplicate-id, empty-heading, heading-order, region",Violation,
https://www.letstalk.wellington.govt.nz/houghton-bay-play-area-renewal,color-contrast,Needs Review,
https://www.letstalk.wellington.govt.nz/toi-poneke,"duplicate-id, heading-order, region",Violation,
https://www.letstalk.wellington.govt.nz/toi-poneke,color-contrast,Needs Review,
https://www.letstalk.wellington.govt.nz/wellingtons-community-facilities,"duplicate-id, heading-order, region",Violation,
https://www.letstalk.wellington.govt.nz/wellingtons-community-facilities,color-contrast,Needs Review,
https://www.letstalk.wellington.govt.nz/korimako-reserve-play-area-renewal,"duplicate-id, region",Violation,
https://www.letstalk.wellington.govt.nz/korimako-reserve-play-area-renewal,color-contrast,Needs Review,
https://www.letstalk.wellington.govt.nz/the-parade-traffic-resolutions-october-2022,"duplicate-id, heading-order, region",Violation,
https://www.letstalk.wellington.govt.nz/the-parade-traffic-resolutions-october-2022,color-contrast,Needs Review,
https://www.letstalk.wellington.govt.nz/botanic-garden-play-area-renewal,"duplicate-id, link-name, region",Violation,
https://www.letstalk.wellington.govt.nz/botanic-garden-play-area-renewal,"color-contrast, frame-tested",Needs Review,
https://www.letstalk.wellington.govt.nz/cuba-street-play-area,"duplicate-id, heading-order, region",Violation,
https://www.letstalk.wellington.govt.nz/cuba-street-play-area,color-contrast,Needs Review,
https://www.letstalk.wellington.govt.nz/traffic-resolutions-february-2023,"duplicate-id, region",Violation,
https://www.letstalk.wellington.govt.nz/traffic-resolutions-february-2023,color-contrast,Needs Review,
https://www.letstalk.wellington.govt.nz/fale-malae-proposal,"duplicate-id, heading-order, region",Violation,
https://www.letstalk.wellington.govt.nz/fale-malae-proposal,color-contrast,Needs Review,
https://www.letstalk.wellington.govt.nz/inner-city-play,"duplicate-id, heading-order, link-name, region",Violation,
https://www.letstalk.wellington.govt.nz/inner-city-play,color-contrast,Needs Review,
https://www.letstalk.wellington.govt.nz/zero-waste-future,"duplicate-id, heading-order, region",Violation,
https://www.letstalk.wellington.govt.nz/zero-waste-future,color-contrast,Needs Review,
https://www.letstalk.wellington.govt.nz/annual-plan-2023-24,"duplicate-id, empty-heading, heading-order, region",Violation,
https://www.letstalk.wellington.govt.nz/annual-plan-2023-24,"aria-required-children, color-contrast",Needs Review,
https://www.letstalk.wellington.govt.nz/phase-1-outcomes-and-priorities,"duplicate-id, heading-order, region",Violation,
https://www.letstalk.wellington.govt.nz/phase-1-outcomes-and-priorities,color-contrast,Needs Review,
https://www.letstalk.wellington.govt.nz/about-the-long-term-plan-2024-34,"duplicate-id, frame-title, heading-order, region",Violation,
https://www.letstalk.wellington.govt.nz/about-the-long-term-plan-2024-34,"color-contrast, frame-tested",Needs Review,
https://www.letstalk.wellington.govt.nz/traffic-resolutions-april-2023-traffic-and-parking-restrictions,"duplicate-id, region",Violation,
https://www.letstalk.wellington.govt.nz/traffic-resolutions-april-2023-traffic-and-parking-restrictions,color-contrast,Needs Review,
https://www.letstalk.wellington.govt.nz/kilbirnie-park-masterplan,"duplicate-id, heading-order, region",Violation,
https://www.letstalk.wellington.govt.nz/kilbirnie-park-masterplan,color-contrast,Needs Review,
https://www.letstalk.wellington.govt.nz/te-whai-oranga-poneke-open-space-and-recreation-strategy,"duplicate-id, heading-order, region",Violation,
https://www.letstalk.wellington.govt.nz/te-whai-oranga-poneke-open-space-and-recreation-strategy,color-contrast,Needs Review,
https://www.letstalk.wellington.govt.nz/bowling-club-newtown,"duplicate-id, heading-order, region",Violation,
https://www.letstalk.wellington.govt.nz/bowling-club-newtown,color-contrast,Needs Review,
https://www.letstalk.wellington.govt.nz/cats-in-wellington-survey,"duplicate-id, heading-order, region",Violation,
https://www.letstalk.wellington.govt.nz/cats-in-wellington-survey,color-contrast,Needs Review,
https://www.letstalk.wellington.govt.nz/elizabeth-street-upgrades,"duplicate-id, empty-heading, heading-order, region",Violation,
https://www.letstalk.wellington.govt.nz/elizabeth-street-upgrades,color-contrast,Needs Review,
https://www.letstalk.wellington.govt.nz/traffic-resolutions-june-2023-traffic-and-parking-restrictions,"duplicate-id, empty-heading, link-name, region",Violation,
https://www.letstalk.wellington.govt.nz/traffic-resolutions-june-2023-traffic-and-parking-restrictions,color-contrast,Needs Review,
https://www.letstalk.wellington.govt.nz/subscribe-ltp-2024-34,"duplicate-id, region",Violation,
https://www.letstalk.wellington.govt.nz/subscribe-ltp-2024-34,color-contrast,Needs Review,
https://www.letstalk.wellington.govt.nz/miramar-minor-safety-works,"duplicate-id, empty-heading, region",Violation,
https://www.letstalk.wellington.govt.nz/miramar-minor-safety-works,color-contrast,Needs Review,
https://www.letstalk.wellington.govt.nz/frederick-street-park,"duplicate-id, heading-order, region",Violation,
https://www.letstalk.wellington.govt.nz/frederick-street-park,color-contrast,Needs Review,
https://www.letstalk.wellington.govt.nz/traffic-resolutions-july-2023-traffic-and-parking-restrictions,"duplicate-id, empty-heading, link-name, region",Violation,
https://www.letstalk.wellington.govt.nz/traffic-resolutions-july-2023-traffic-and-parking-restrictions,color-contrast,Needs Review,
https://www.letstalk.wellington.govt.nz/frederick-street-park-updates,"duplicate-id, region",Violation,
https://www.letstalk.wellington.govt.nz/frederick-street-park-updates,color-contrast,Needs Review,
https://www.letstalk.wellington.govt.nz/phase-2-levels-of-service-citizen-assembly,"duplicate-id, empty-heading, region",Violation,
https://www.letstalk.wellington.govt.nz/phase-2-levels-of-service-citizen-assembly,"color-contrast, frame-tested",Needs Review,
https://www.letstalk.wellington.govt.nz/traffic-resolutions-september-2023-traffic-and-parking-restrictions,"duplicate-id, link-name, region",Violation,
https://www.letstalk.wellington.govt.nz/traffic-resolutions-september-2023-traffic-and-parking-restrictions,color-contrast,Needs Review,
https://www.letstalk.wellington.govt.nz/traffic-resolutions-september-2023-version-two-traffic-and-parking-restrictions,"duplicate-id, empty-heading, region",Violation,
https://www.letstalk.wellington.govt.nz/traffic-resolutions-september-2023-version-two-traffic-and-parking-restrictions,color-contrast,Needs Review,
https://www.letstalk.wellington.govt.nz/traffic-resolutions-september-2023-ver-3-traffic-and-parking-restrictions,"duplicate-id, region",Violation,
https://www.letstalk.wellington.govt.nz/traffic-resolutions-september-2023-ver-3-traffic-and-parking-restrictions,color-contrast,Needs Review,
https://www.letstalk.wellington.govt.nz/traffic-resolutions-november-2023,"duplicate-id, empty-heading, link-name, region",Violation,
https://www.letstalk.wellington.govt.nz/traffic-resolutions-november-2023,color-contrast,Needs Review,
https://www.letstalk.wellington.govt.nz/commemorative-policy,"duplicate-id, empty-heading, region",Violation,
https://www.letstalk.wellington.govt.nz/commemorative-policy,color-contrast,Needs Review,
https://www.letstalk.wellington.govt.nz/freedom-camping-rules,"duplicate-id, region",Violation,
https://www.letstalk.wellington.govt.nz/freedom-camping-rules,color-contrast,Needs Review,
https://www.letstalk.wellington.govt.nz/willowbank-reserve-play,"duplicate-id, heading-order, region",Violation,
https://www.letstalk.wellington.govt.nz/willowbank-reserve-play,color-contrast,Needs Review,
https://www.letstalk.wellington.govt.nz/letstalk-newsletter,"duplicate-id, heading-order, region",Violation,
https://www.letstalk.wellington.govt.nz/letstalk-newsletter,"aria-valid-attr-value, color-contrast",Needs Review,
https://www.letstalk.wellington.govt.nz/rating-policies-review,"duplicate-id, link-name, region",Violation,
https://www.letstalk.wellington.govt.nz/rating-policies-review,"aria-valid-attr-value, color-contrast, form-field-multiple-labels",Needs Review,
https://www.letstalk.wellington.govt.nz/riddiford-russell-roundabout,"duplicate-id, region",Violation,
https://www.letstalk.wellington.govt.nz/riddiford-russell-roundabout,color-contrast,Needs Review,
https://www.letstalk.wellington.govt.nz/traffic-resolutions-december-2023,"duplicate-id, link-name, region",Violation,
https://www.letstalk.wellington.govt.nz/traffic-resolutions-december-2023,color-contrast,Needs Review,
https://www.letstalk.wellington.govt.nz/box-hill-station-road-intersection,"duplicate-id, empty-heading, image-redundant-alt, region",Violation,
https://www.letstalk.wellington.govt.nz/box-hill-station-road-intersection,"aria-valid-attr-value, color-contrast",Needs Review,
https://www.letstalk.wellington.govt.nz/lgwm-december-2023-trs,"duplicate-id, link-name, region",Violation,
https://www.letstalk.wellington.govt.nz/lgwm-december-2023-trs,color-contrast,Needs Review,
https://www.letstalk.wellington.govt.nz/hutt-road-tr,"duplicate-id, empty-heading, frame-title, region",Violation,
https://www.letstalk.wellington.govt.nz/hutt-road-tr,"color-contrast, frame-tested",Needs Review,
https://www.letstalk.wellington.govt.nz/ohiro-road-south-improvements,"duplicate-id, region",Violation,
https://www.letstalk.wellington.govt.nz/ohiro-road-south-improvements,color-contrast,Needs Review,
https://www.letstalk.wellington.govt.nz/traffic-resolutions-february-2024-traffic-and-parking-restrictions,"duplicate-id, empty-heading, link-name, region",Violation,
https://www.letstalk.wellington.govt.nz/traffic-resolutions-february-2024-traffic-and-parking-restrictions,color-contrast,Needs Review,
https://www.letstalk.wellington.govt.nz/traffic-resolutions-april-2024,"duplicate-id, empty-heading, link-name, region",Violation,
https://www.letstalk.wellington.govt.nz/traffic-resolutions-april-2024,color-contrast,Needs Review,
https://www.letstalk.wellington.govt.nz/half-cost-path-policy,"duplicate-id, heading-order, region",Violation,
https://www.letstalk.wellington.govt.nz/half-cost-path-policy,color-contrast,Needs Review,
https://www.letstalk.wellington.govt.nz/coastal-reserve-management-plan,"duplicate-id, empty-heading, heading-order, link-name, region",Violation,
https://www.letstalk.wellington.govt.nz/coastal-reserve-management-plan,color-contrast,Needs Review,
https://www.letstalk.wellington.govt.nz/water-services-bylaw,"duplicate-id, heading-order, region",Violation,
https://www.letstalk.wellington.govt.nz/water-services-bylaw,color-contrast,Needs Review,
https://www.letstalk.wellington.govt.nz/burbank-play-area-renewal,"duplicate-id, empty-heading, region",Violation,
https://www.letstalk.wellington.govt.nz/burbank-play-area-renewal,color-contrast,Needs Review,
https://www.letstalk.wellington.govt.nz/golden-mile,"duplicate-id, heading-order, region",Violation,
https://www.letstalk.wellington.govt.nz/golden-mile,"color-contrast, frame-tested",Needs Review,
https://www.letstalk.wellington.govt.nz/traffic-resolutions-may-2024-traffic-and-parking-restrictions,"duplicate-id, link-name, region",Violation,
https://www.letstalk.wellington.govt.nz/traffic-resolutions-may-2024-traffic-and-parking-restrictions,color-contrast,Needs Review,
https://www.letstalk.wellington.govt.nz/fees-and-charges,"duplicate-id, region",Violation,
https://www.letstalk.wellington.govt.nz/fees-and-charges,color-contrast,Needs Review,
https://www.letstalk.wellington.govt.nz/supporting-information,"duplicate-id, empty-heading, region",Violation,
https://www.letstalk.wellington.govt.nz/supporting-information,color-contrast,Needs Review,
https://www.letstalk.wellington.govt.nz/ltp-cost,"duplicate-id, empty-heading, heading-order, region",Violation,
https://www.letstalk.wellington.govt.nz/ltp-cost,color-contrast,Needs Review,
https://www.letstalk.wellington.govt.nz/other-proposals,"duplicate-id, region",Violation,
https://www.letstalk.wellington.govt.nz/other-proposals,color-contrast,Needs Review,
https://www.letstalk.wellington.govt.nz/three-waters-funding,"duplicate-id, heading-order, region",Violation,
https://www.letstalk.wellington.govt.nz/three-waters-funding,"color-contrast, frame-tested",Needs Review,
https://www.letstalk.wellington.govt.nz/waste-collection-changes,"duplicate-id, heading-order, region",Violation,
https://www.letstalk.wellington.govt.nz/waste-collection-changes,"color-contrast, frame-tested",Needs Review,
https://www.letstalk.wellington.govt.nz/insurance-and-investment-risks,"duplicate-id, heading-order, region",Violation,
https://www.letstalk.wellington.govt.nz/insurance-and-investment-risks,"color-contrast, frame-tested",Needs Review,
https://www.letstalk.wellington.govt.nz/submission-form,"duplicate-id, region",Violation,
https://www.letstalk.wellington.govt.nz/submission-form,color-contrast,Needs Review,
https://www.letstalk.wellington.govt.nz/holloway-road-play,"duplicate-id, region",Violation,
https://www.letstalk.wellington.govt.nz/holloway-road-play,color-contrast,Needs Review,
https://www.letstalk.wellington.govt.nz/homebush-road-play,"duplicate-id, heading-order, region",Violation,
https://www.letstalk.wellington.govt.nz/homebush-road-play,color-contrast,Needs Review,
https://www.letstalk.wellington.govt.nz/churton-park-play,"duplicate-id, region",Violation,
https://www.letstalk.wellington.govt.nz/churton-park-play,color-contrast,Needs Review,
https://www.letstalk.wellington.govt.nz/salford-street-play,"duplicate-id, region",Violation,
https://www.letstalk.wellington.govt.nz/salford-street-play,color-contrast,Needs Review,
https://www.letstalk.wellington.govt.nz/alcohol-fees-bylaw,"duplicate-id, empty-heading, heading-order, region",Violation,
https://www.letstalk.wellington.govt.nz/alcohol-fees-bylaw,color-contrast,Needs Review,
https://www.letstalk.wellington.govt.nz/grenada-north-park-upgrade,"duplicate-id, heading-order, region",Violation,
https://www.letstalk.wellington.govt.nz/grenada-north-park-upgrade,color-contrast,Needs Review,
https://www.letstalk.wellington.govt.nz/traffic-resolutions-august-2024-traffic-and-parking-restrictions,"duplicate-id, empty-heading, link-name, region",Violation,
https://www.letstalk.wellington.govt.nz/traffic-resolutions-august-2024-traffic-and-parking-restrictions,color-contrast,Needs Review,
https://www.letstalk.wellington.govt.nz/long-term-plan-2024-34,"duplicate-id, heading-order, region",Violation,
https://www.letstalk.wellington.govt.nz/long-term-plan-2024-34,color-contrast,Needs Review,
https://www.letstalk.wellington.govt.nz/projects-map-view,"aria-required-attr, duplicate-id, heading-order, region",Violation,
https://www.letstalk.wellington.govt.nz/projects-map-view,color-contrast,Needs Review,
https://www.letstalk.wellington.govt.nz/mahere-tau-annual-plan-2022-23,"duplicate-id, empty-heading, heading-order, region",Violation,
https://www.letstalk.wellington.govt.nz/mahere-tau-annual-plan-2022-23,color-contrast,Needs Review,
https://www.letstalk.wellington.govt.nz/animal-review,"duplicate-id, heading-order, link-name, region",Violation,
https://www.letstalk.wellington.govt.nz/animal-review,color-contrast,Needs Review,
https://www.letstalk.wellington.govt.nz/ltp-2021-31,"duplicate-id, heading-order, region",Violation,
https://www.letstalk.wellington.govt.nz/ltp-2021-31,"color-contrast, frame-tested",Needs Review,
https://www.letstalk.wellington.govt.nz/lets-talk-being-hosted-new-platform,"duplicate-id, region",Violation,
https://www.letstalk.wellington.govt.nz/lets-talk-being-hosted-new-platform,color-contrast,Needs Review,
https://www.letstalk.wellington.govt.nz/artwork-submissions,"duplicate-id, empty-heading, region",Violation,
https://www.letstalk.wellington.govt.nz/artwork-submissions,color-contrast,Needs Review,
https://www.letstalk.wellington.govt.nz/traffic-resolutions-october-2024,"duplicate-id, empty-heading, region",Violation,
https://www.letstalk.wellington.govt.nz/traffic-resolutions-october-2024,color-contrast,Needs Review,
https://www.letstalk.wellington.govt.nz/transport/whats-changing-and-why,"duplicate-id, region",Violation,
https://www.letstalk.wellington.govt.nz/transport/whats-changing-and-why,color-contrast,Needs Review,
https://www.letstalk.wellington.govt.nz/transport/our-work-programme-in-year-2,"duplicate-id, region",Violation,
https://www.letstalk.wellington.govt.nz/transport/our-work-programme-in-year-2,color-contrast,Needs Review,
https://www.letstalk.wellington.govt.nz/transport/looking-ahead,"duplicate-id, region",Violation,
https://www.letstalk.wellington.govt.nz/transport/looking-ahead,color-contrast,Needs Review,
https://www.letstalk.wellington.govt.nz/annualplan/resilience-and-the-environment,"duplicate-id, region",Violation,
https://www.letstalk.wellington.govt.nz/annualplan/resilience-and-the-environment,color-contrast,Needs Review,
https://www.letstalk.wellington.govt.nz/annualplan/housing,"duplicate-id, region",Violation,
https://www.letstalk.wellington.govt.nz/annualplan/housing,color-contrast,Needs Review,
https://www.letstalk.wellington.govt.nz/annualplan/transport,"duplicate-id, region",Violation,
https://www.letstalk.wellington.govt.nz/annualplan/transport,color-contrast,Needs Review,
https://www.letstalk.wellington.govt.nz/annualplan/sustainable-growth,"duplicate-id, region",Violation,
https://www.letstalk.wellington.govt.nz/annualplan/sustainable-growth,color-contrast,Needs Review,
https://www.letstalk.wellington.govt.nz/annualplan/arts-and-culture,"duplicate-id, region",Violation,
https://www.letstalk.wellington.govt.nz/annualplan/arts-and-culture,color-contrast,Needs Review,
https://www.letstalk.wellington.govt.nz/arts-and-culture/whats-changing-and-why,"duplicate-id, region",Violation,
https://www.letstalk.wellington.govt.nz/arts-and-culture/whats-changing-and-why,color-contrast,Needs Review,
https://www.letstalk.wellington.govt.nz/arts-and-culture/our-work-programme-in-year-2,"duplicate-id, region",Violation,
https://www.letstalk.wellington.govt.nz/arts-and-culture/our-work-programme-in-year-2,color-contrast,Needs Review,
https://www.letstalk.wellington.govt.nz/arts-and-culture/looking-ahead,"duplicate-id, region",Violation,
https://www.letstalk.wellington.govt.nz/arts-and-culture/looking-ahead,color-contrast,Needs Review,
https://www.letstalk.wellington.govt.nz/resilience-and-the-environment/whats-changing-and-why,"duplicate-id, region",Violation,
https://www.letstalk.wellington.govt.nz/resilience-and-the-environment/whats-changing-and-why,color-contrast,Needs Review,
https://www.letstalk.wellington.govt.nz/resilience-and-the-environment/our-work-programme-in-year-2,"duplicate-id, region",Violation,
https://www.letstalk.wellington.govt.nz/resilience-and-the-environment/our-work-programme-in-year-2,color-contrast,Needs Review,
https://www.letstalk.wellington.govt.nz/resilience-and-the-environment/looking-ahead,"duplicate-id, region",Violation,
https://www.letstalk.wellington.govt.nz/resilience-and-the-environment/looking-ahead,color-contrast,Needs Review,
https://www.letstalk.wellington.govt.nz/housing/whats-changing-and-why,"duplicate-id, region",Violation,
https://www.letstalk.wellington.govt.nz/housing/whats-changing-and-why,color-contrast,Needs Review,
https://www.letstalk.wellington.govt.nz/housing/our-work-programme-in-year-2,"duplicate-id, region",Violation,
https://www.letstalk.wellington.govt.nz/housing/our-work-programme-in-year-2,color-contrast,Needs Review,
https://www.letstalk.wellington.govt.nz/housing/looking-ahead,"duplicate-id, region",Violation,
https://www.letstalk.wellington.govt.nz/housing/looking-ahead,color-contrast,Needs Review,
https://www.letstalk.wellington.govt.nz/financial-summary/cost-of-delivering-council-services,"duplicate-id, region",Violation,
https://www.letstalk.wellington.govt.nz/financial-summary/cost-of-delivering-council-services,color-contrast,Needs Review,
https://www.letstalk.wellington.govt.nz/financial-summary/cost-of-renewing-upgrading-or-building-things-we-own,"duplicate-id, region",Violation,
https://www.letstalk.wellington.govt.nz/financial-summary/cost-of-renewing-upgrading-or-building-things-we-own,color-contrast,Needs Review,
https://www.letstalk.wellington.govt.nz/financial-summary/where-the-money-comes-from,"duplicate-id, region",Violation,
https://www.letstalk.wellington.govt.nz/financial-summary/where-the-money-comes-from,color-contrast,Needs Review,
https://www.letstalk.wellington.govt.nz/financial-summary/rates,"duplicate-id, link-name, region",Violation,
https://www.letstalk.wellington.govt.nz/financial-summary/rates,color-contrast,Needs Review,
https://www.letstalk.wellington.govt.nz/financial-summary/fees-and-user-charges,"duplicate-id, region",Violation,
https://www.letstalk.wellington.govt.nz/financial-summary/fees-and-user-charges,color-contrast,Needs Review,
https://www.letstalk.wellington.govt.nz/rates/rates-remission,"duplicate-id, region",Violation,
https://www.letstalk.wellington.govt.nz/rates/rates-remission,color-contrast,Needs Review,
https://www.letstalk.wellington.govt.nz/rates/rates-differential,"duplicate-id, heading-order, region",Violation,
https://www.letstalk.wellington.govt.nz/rates/rates-differential,color-contrast,Needs Review,
https://www.letstalk.wellington.govt.nz/work-programme/key-projects,"duplicate-id, region",Violation,
https://www.letstalk.wellington.govt.nz/work-programme/key-projects,color-contrast,Needs Review,
https://www.letstalk.wellington.govt.nz/work-programme/some-community-projects,"duplicate-id, region",Violation,
https://www.letstalk.wellington.govt.nz/work-programme/some-community-projects,color-contrast,Needs Review,
https://www.letstalk.wellington.govt.nz/financial-summary1/changes-to-the-budget-since-the-consultation,"duplicate-id, region",Violation,
https://www.letstalk.wellington.govt.nz/financial-summary1/changes-to-the-budget-since-the-consultation,color-contrast,Needs Review,
https://www.letstalk.wellington.govt.nz/financial-summary1/revenue,"duplicate-id, heading-order, image-alt, region",Violation,
https://www.letstalk.wellington.govt.nz/financial-summary1/revenue,color-contrast,Needs Review,
https://www.letstalk.wellington.govt.nz/financial-summary1/operating-expenditure,"duplicate-id, heading-order, image-alt, region",Violation,
https://www.letstalk.wellington.govt.nz/financial-summary1/operating-expenditure,color-contrast,Needs Review,
https://www.letstalk.wellington.govt.nz/financial-summary1/capital-expenditure,"duplicate-id, heading-order, image-alt, region",Violation,
https://www.letstalk.wellington.govt.nz/financial-summary1/capital-expenditure,color-contrast,Needs Review,
https://www.letstalk.wellington.govt.nz/financial-summary1/borrowing-position,"duplicate-id, heading-order, image-alt, region",Violation,
https://www.letstalk.wellington.govt.nz/financial-summary1/borrowing-position,color-contrast,Needs Review,
https://www.letstalk.wellington.govt.nz/rates2021/what-weve-heard,"duplicate-id, frame-title, region",Violation,
https://www.letstalk.wellington.govt.nz/rates2021/what-weve-heard,"color-contrast, frame-tested",Needs Review,
https://www.letstalk.wellington.govt.nz/rates2021/rates-options-for-202021,"duplicate-id, empty-heading, heading-order, region",Violation,
https://www.letstalk.wellington.govt.nz/rates2021/rates-options-for-202021,color-contrast,Needs Review,
https://www.letstalk.wellington.govt.nz/rates2021/what-are-rates-for,"duplicate-id, heading-order, region",Violation,
https://www.letstalk.wellington.govt.nz/rates2021/what-are-rates-for,color-contrast,Needs Review,
https://www.letstalk.wellington.govt.nz/rates2021/rates-before-covid-19-impact,"duplicate-id, region",Violation,
https://www.letstalk.wellington.govt.nz/rates2021/rates-before-covid-19-impact,color-contrast,Needs Review,
https://www.letstalk.wellington.govt.nz/dangerous-and-insanitary-buildings-policy-review/scenarios1,"duplicate-id, region",Violation,
https://www.letstalk.wellington.govt.nz/dangerous-and-insanitary-buildings-policy-review/scenarios1,color-contrast,Needs Review,
https://www.letstalk.wellington.govt.nz/dangerous-and-insanitary-buildings-policy-review/scenarios,"duplicate-id, region",Violation,
https://www.letstalk.wellington.govt.nz/dangerous-and-insanitary-buildings-policy-review/scenarios,color-contrast,Needs Review,
https://www.letstalk.wellington.govt.nz/cemeteries/the-cemeteries-management-plan-has-been-approved,"duplicate-id, region",Violation,
https://www.letstalk.wellington.govt.nz/cemeteries/the-cemeteries-management-plan-has-been-approved,color-contrast,Needs Review,
https://www.letstalk.wellington.govt.nz/cemeteries/the-cemeteries-management-plan-will-go-before-the-social-cultural-and-economic-committee-for-approval-on-22-june-2021,"duplicate-id, region",Violation,
https://www.letstalk.wellington.govt.nz/cemeteries/the-cemeteries-management-plan-will-go-before-the-social-cultural-and-economic-committee-for-approval-on-22-june-2021,color-contrast,Needs Review,
https://www.letstalk.wellington.govt.nz/cemeteries/recreation-in-our-cemeteries,"duplicate-id, region",Violation,
https://www.letstalk.wellington.govt.nz/cemeteries/recreation-in-our-cemeteries,color-contrast,Needs Review,
https://www.letstalk.wellington.govt.nz/cemeteries/time-to-talk-cemeteries,"duplicate-id, region",Violation,
https://www.letstalk.wellington.govt.nz/cemeteries/time-to-talk-cemeteries,color-contrast,Needs Review,
https://www.letstalk.wellington.govt.nz/cemeteries/wellington-city-council-s-position-on-re-using-graves,"duplicate-id, region",Violation,
https://www.letstalk.wellington.govt.nz/cemeteries/wellington-city-council-s-position-on-re-using-graves,color-contrast,Needs Review,
https://www.letstalk.wellington.govt.nz/cemeteries/what-you-told-us-in-the-informal-engagement,"duplicate-id, region",Violation,
https://www.letstalk.wellington.govt.nz/cemeteries/what-you-told-us-in-the-informal-engagement,color-contrast,Needs Review,
https://www.letstalk.wellington.govt.nz/cemeteries/the-results-are-in-plastic-decorations-in-cemeteries,"duplicate-id, region",Violation,
https://www.letstalk.wellington.govt.nz/cemeteries/the-results-are-in-plastic-decorations-in-cemeteries,color-contrast,Needs Review,
https://www.letstalk.wellington.govt.nz/central-library/consultation-closed-5pm-monday-7-september,"duplicate-id, region",Violation,
https://www.letstalk.wellington.govt.nz/central-library/consultation-closed-5pm-monday-7-september,color-contrast,Needs Review,
https://www.letstalk.wellington.govt.nz/central-library/1news,"color-contrast, duplicate-id, region",Violation,
https://www.letstalk.wellington.govt.nz/central-library/1news,color-contrast,Needs Review,
https://www.letstalk.wellington.govt.nz/central-library/sign-up-for-the-central-library-consultation-webinars,"duplicate-id, region",Violation,
https://www.letstalk.wellington.govt.nz/central-library/sign-up-for-the-central-library-consultation-webinars,color-contrast,Needs Review,
https://www.letstalk.wellington.govt.nz/central-library/the-central-library-was-on-access-radio,"duplicate-id, region",Violation,
https://www.letstalk.wellington.govt.nz/central-library/the-central-library-was-on-access-radio,color-contrast,Needs Review,
https://www.letstalk.wellington.govt.nz/central-library/postponed-events,"duplicate-id, region",Violation,
https://www.letstalk.wellington.govt.nz/central-library/postponed-events,color-contrast,Needs Review,
https://www.letstalk.wellington.govt.nz/central-library/xx,"duplicate-id, region",Violation,
https://www.letstalk.wellington.govt.nz/central-library/xx,color-contrast,Needs Review,
https://www.letstalk.wellington.govt.nz/central-library/option-a-low-level-remediation,"duplicate-id, region",Violation,
https://www.letstalk.wellington.govt.nz/central-library/option-a-low-level-remediation,color-contrast,Needs Review,
https://www.letstalk.wellington.govt.nz/central-library/option-b-mid-level-remediation,"duplicate-id, region",Violation,
https://www.letstalk.wellington.govt.nz/central-library/option-b-mid-level-remediation,color-contrast,Needs Review,
https://www.letstalk.wellington.govt.nz/central-library/option-c-high-level-remediation-preferred-option,"duplicate-id, region",Violation,
https://www.letstalk.wellington.govt.nz/central-library/option-c-high-level-remediation-preferred-option,color-contrast,Needs Review,
https://www.letstalk.wellington.govt.nz/central-library/option-d-new-build-on-same-site,"duplicate-id, region",Violation,
https://www.letstalk.wellington.govt.nz/central-library/option-d-new-build-on-same-site,color-contrast,Needs Review,
https://www.letstalk.wellington.govt.nz/central-library/option-e-new-build-on-another-te-ngkau-civic-precinct-site,"duplicate-id, region",Violation,
https://www.letstalk.wellington.govt.nz/central-library/option-e-new-build-on-another-te-ngkau-civic-precinct-site,color-contrast,Needs Review,
https://www.letstalk.wellington.govt.nz/central-library/comparing-the-options-against-the-assessment-factors,"duplicate-id, region",Violation,
https://www.letstalk.wellington.govt.nz/central-library/comparing-the-options-against-the-assessment-factors,color-contrast,Needs Review,
https://www.letstalk.wellington.govt.nz/central-library/latest-news,"duplicate-id, region",Violation,
https://www.letstalk.wellington.govt.nz/central-library/latest-news,color-contrast,Needs Review,
https://www.letstalk.wellington.govt.nz/ltp-info/what-we-ve-heard,"duplicate-id, frame-title, region",Violation,
https://www.letstalk.wellington.govt.nz/ltp-info/what-we-ve-heard,"color-contrast, frame-tested",Needs Review,
https://www.letstalk.wellington.govt.nz/ltp-info/what-is-the-long-term-plan,"duplicate-id, region",Violation,
https://www.letstalk.wellington.govt.nz/ltp-info/what-is-the-long-term-plan,color-contrast,Needs Review,
https://www.letstalk.wellington.govt.nz/ltp-info/key-issues-of-this-long-term-plan,"duplicate-id, heading-order, region",Violation,
https://www.letstalk.wellington.govt.nz/ltp-info/key-issues-of-this-long-term-plan,color-contrast,Needs Review,
https://www.letstalk.wellington.govt.nz/ltp-info/development-of-the-community-outcomes-framework,"duplicate-id, region",Violation,
https://www.letstalk.wellington.govt.nz/ltp-info/development-of-the-community-outcomes-framework,color-contrast,Needs Review,
https://www.letstalk.wellington.govt.nz/ltp-info/wellbeings,"color-contrast, duplicate-id, region",Violation,
https://www.letstalk.wellington.govt.nz/ltp-info/wellbeings,color-contrast,Needs Review,
https://www.letstalk.wellington.govt.nz/ltp-info/what-are-rates-and-why-are-they-important,"duplicate-id, heading-order, region",Violation,
https://www.letstalk.wellington.govt.nz/ltp-info/what-are-rates-and-why-are-they-important,color-contrast,Needs Review,
https://www.letstalk.wellington.govt.nz/social-framework/community-pop-up-tour,"duplicate-id, region",Violation,
https://www.letstalk.wellington.govt.nz/social-framework/community-pop-up-tour,color-contrast,Needs Review,
https://www.letstalk.wellington.govt.nz/proposed-traffic-and-parking-bylaw-2021/summary-of-proposed-bylaw-changes,"duplicate-id, region",Violation,
https://www.letstalk.wellington.govt.nz/proposed-traffic-and-parking-bylaw-2021/summary-of-proposed-bylaw-changes,color-contrast,Needs Review,
https://www.letstalk.wellington.govt.nz/proposed-traffic-and-parking-bylaw-2021/what-is-a-bylaw,"duplicate-id, region",Violation,
https://www.letstalk.wellington.govt.nz/proposed-traffic-and-parking-bylaw-2021/what-is-a-bylaw,color-contrast,Needs Review,
https://www.letstalk.wellington.govt.nz/proposed-traffic-and-parking-bylaw-2021/footpath-parking,"duplicate-id, region",Violation,
https://www.letstalk.wellington.govt.nz/proposed-traffic-and-parking-bylaw-2021/footpath-parking,color-contrast,Needs Review,
https://www.letstalk.wellington.govt.nz/trading-and-events-in-public-places-policy/further-information,"duplicate-id, region",Violation,
https://www.letstalk.wellington.govt.nz/trading-and-events-in-public-places-policy/further-information,color-contrast,Needs Review,
https://www.letstalk.wellington.govt.nz/our-plan/what-we-ve-heard,"duplicate-id, frame-title, region",Violation,
https://www.letstalk.wellington.govt.nz/our-plan/what-we-ve-heard,"color-contrast, frame-tested",Needs Review,
https://www.letstalk.wellington.govt.nz/kilbirnie-park-masterplan/skatepark-specialist-company-board,"duplicate-id, region",Violation,
https://www.letstalk.wellington.govt.nz/kilbirnie-park-masterplan/skatepark-specialist-company-board,color-contrast,Needs Review,
https://www.letstalk.wellington.govt.nz/bowling-club-newtown/korau-matinitini-social-cultural-and-economic-committee-approve-site-development-proposal,"duplicate-id, region",Violation,
https://www.letstalk.wellington.govt.nz/bowling-club-newtown/korau-matinitini-social-cultural-and-economic-committee-approve-site-development-proposal,color-contrast,Needs Review,
https://www.letstalk.wellington.govt.nz/phase-2-levels-of-service-citizen-assembly/what-is-a-citizens-assembly,"duplicate-id, region",Violation,
https://www.letstalk.wellington.govt.nz/phase-2-levels-of-service-citizen-assembly/what-is-a-citizens-assembly,color-contrast,Needs Review,
https://www.letstalk.wellington.govt.nz/phase-2-levels-of-service-citizen-assembly/how-will-the-selection-process-work,"duplicate-id, region",Violation,
https://www.letstalk.wellington.govt.nz/phase-2-levels-of-service-citizen-assembly/how-will-the-selection-process-work,color-contrast,Needs Review,
https://www.letstalk.wellington.govt.nz/burbank-play-area-renewal/burbank-crescent-pa-update,"duplicate-id, region",Violation,
https://www.letstalk.wellington.govt.nz/burbank-play-area-renewal/burbank-crescent-pa-update,color-contrast,Needs Review,
https://www.letstalk.wellington.govt.nz/holloway-road-play/holloway-road-pa-update,"duplicate-id, region",Violation,
https://www.letstalk.wellington.govt.nz/holloway-road-play/holloway-road-pa-update,color-contrast,Needs Review,
https://www.letstalk.wellington.govt.nz/homebush-road-play/homebush-road-pa-update,"duplicate-id, region",Violation,
https://www.letstalk.wellington.govt.nz/homebush-road-play/homebush-road-pa-update,color-contrast,Needs Review,
https://www.letstalk.wellington.govt.nz/churton-park-play/churton-park-pa-update,"duplicate-id, region",Violation,
https://www.letstalk.wellington.govt.nz/churton-park-play/churton-park-pa-update,color-contrast,Needs Review,
https://www.letstalk.wellington.govt.nz/salford-street-play/salford-street-play-area-design-update,"duplicate-id, region",Violation,
https://www.letstalk.wellington.govt.nz/salford-street-play/salford-street-play-area-design-update,color-contrast,Needs Review,
